Method,AMSE,SD,SE
Noisy data,1.0055134766566363,0.036494806712978514,0.008601908434946482
LevelSure,0.14223349343464478,0.01674841830066083,0.003947640051515383
Nason even/odd CV,0.1939084431007162,0.020237817034669772,0.0047700992205425416
MaxTwin fixed-threshold CV,0.21179796521876748,0.021864939992623792,0.005153615779673742
WMaxTwin ramp CV,0.13489074716864186,0.013455036210838713,0.0031713824485982015
Oracle ramp,0.13097584298496623,0.01328644343419337,0.003131644750056538
