scale_j,response_weight,equal_weight
1,0.007973399182752545,0.14285714285714285
2,0.232100830011206,0.14285714285714285
3,0.10742733483731016,0.14285714285714285
4,0.17344937229606477,0.14285714285714285
5,0.15377345677825285,0.14285714285714285
6,0.16337089143699787,0.14285714285714285
7,0.16190471545741578,0.14285714285714285
